{
	"pattrstorage" : 	{
		"name" : "sliderstates",
		"slots" : 		{
			"1" : 			{
				"id" : 1,
				"data" : 				{
					"8slider1" : [ 0.147257113675459, 0.046339682482798, 0.073862618262615, 0.08303693018922, 0.064688306336009, 0.032344153168005, 0.0, 0.0 ],
					"8slider2" : [ 0.073862618262615, 0.073862618262615, 0.055513994409404, 0.046339682482798, 0.055513994409404, 0.064688306336009, 0.073862618262615, 0.08303693018922 ]
				}

			}
,
			"2" : 			{
				"id" : 2,
				"data" : 				{
					"8slider1" : [ 0.716064453125, 0.661018581565367, 0.679367205418578, 0.321569040280963, 0.183954361381881, 0.202302985235092, 0.234413076978211, 0.26652316872133 ],
					"8slider2" : [ 0.073862618262615, 0.872027755877294, 0.771110324684633, 0.624321333858945, 0.642669957712156, 0.596798398079128, 0.761936012758027, 0.917899315510321 ]
				}

			}
,
			"3" : 			{
				"id" : 3,
				"data" : 				{
					"8slider1" : [ 0.193128675222397, 0.257348865270615, 0.349091976881027, 0.404137849807739, 0.532578229904175, 0.706890165805817, 0.835330486297607, 0.95459657907486 ],
					"8slider2" : [ 0.789458930492401, 0.596798419952393, 0.431660771369934, 0.339917659759521, 0.284871786832809, 0.239000231027603, 0.183954358100891, 0.165605738759041 ]
				}

			}
,
			"4" : 			{
				"id" : 4,
				"data" : 				{
					"8slider1" : [ 0.193128675222397, 0.495880961418152, 0.349091976881027, 0.339917659759521, 0.229825913906097, 0.156431421637535, 0.119734175503254, 0.95459657907486 ],
					"8slider2" : [ 0.789458930492401, 0.229825913906097, 0.404137849807739, 0.550926864147186, 0.284871786832809, 0.679367184638977, 0.183954358100891, 0.165605738759041 ]
				}

			}
,
			"5" : 			{
				"id" : 5,
				"data" : 				{
					"8slider1" : [ 0.183954358100891, 1.0, 0.394963532686234, 1.0, 0.32156902551651, 1.0, 0.312394738197327, 0.257348865270615 ],
					"8slider2" : [ 0.706890165805817, 0.0, 0.0, 0.000468122860184, 0.046339683234692, 0.477532356977463, 0.413312166929245, 0.477532356977463 ]
				}

			}
,
			"6" : 			{
				"id" : 6,
				"data" : 				{
					"8slider1" : [ 0.385789215564728, 0.220651611685753, 0.165605738759041, 0.138082802295685, 0.128908485174179, 0.110559865832329, 0.119734175503254, 0.009642435237765 ],
					"8slider2" : [ 0.706890165805817, 0.128908485174179, 0.624321341514587, 0.605972707271576, 0.596798419952393, 0.596798419952393, 0.073862619698048, 0.624321341514587 ]
				}

			}
,
			"7" : 			{
				"id" : 7,
				"data" : 				{
					"8slider1" : [ 0.287512838840485, 0.890376389026642, 0.123419150710106, 0.798633277416229, 0.096070200204849, 0.624321341514587, 0.089232958853245, 0.007186110597104 ],
					"8slider2" : [ 0.0, 0.0, 0.0, 0.0, 0.0, 0.444769352674484, 0.055046774446964, 0.465281039476395 ]
				}

			}
,
			"8" : 			{
				"id" : 8,
				"data" : 				{
					"8slider1" : [ 0.0, 0.0, 0.0, 0.0, 0.0, 0.0, 0.0, 0.0 ],
					"8slider2" : [ 0.0, 0.0, 0.0, 0.0, 0.0, 0.0, 0.0, 0.0 ]
				}

			}
,
			"9" : 			{
				"id" : 9,
				"data" : 				{
					"8slider1" : [ 0.982119500637054, 0.881202042102814, 0.844504833221436, 0.835330486297607, 0.853679120540619, 0.844504833221436, 0.816981911659241, 0.844504833221436 ],
					"8slider2" : [ 0.92707359790802, 0.881202042102814, 0.816981911659241, 0.798633277416229, 0.826156198978424, 0.835330486297607, 0.816981911659241, 1.0 ]
				}

			}

		}

	}

}
