{
	"pattrstorage" : 	{
		"name" : "sequences",
		"slots" : 		{
			"1" : 			{
				"id" : 1,
				"data" : 				{
					"storeseq" : [ 1, 16, 0, 1, 12, 0, 16, 56.600000000000158, 78.800000000000338, 0, 0, 61, 71, 4, 127, 127, 63, 0, 4, 127, 127, 65, 127, 4, 127, 127, 66, 0, 4, 127, 127, 63, 62, 4, 127, 127, 65, 0, 4, 127, 127, 65, 127, 4, 127, 127, 66, 0, 4, 127, 127, 55, 124, 4, 127, 127, 59, 127, 4, 127, 127, 60, 127, 4, 127, 127, 60, 127, 4, 127, 127, 43, 127, 4, 127, 127, 42, 127, 4, 127, 127, 42, 127, 4, 127, 127, 42, 127, 4, 127, 127 ]
				}

			}
,
			"2" : 			{
				"id" : 2,
				"data" : 				{
					"storeseq" : [ 1, 16, 0, 1, 12, 0, 16, 56.600000000000158, 78.800000000000338, 0, 0, 67, 71, 4, 127, 127, 63, 0, 4, 127, 127, 71, 127, 4, 127, 127, 73, 0, 4, 127, 127, 63, 62, 4, 127, 127, 63, 0, 4, 127, 127, 75, 127, 4, 127, 127, 75, 0, 4, 127, 127, 75, 124, 4, 127, 127, 66, 127, 4, 127, 127, 65, 127, 4, 127, 127, 63, 127, 4, 127, 127, 63, 127, 4, 127, 127, 65, 127, 4, 127, 127, 66, 127, 4, 127, 127, 67, 127, 4, 127, 127 ]
				}

			}

		}

	}

}
